{"id":"124","name":"\u5df4\u5fb7","nickname":"\u661f\u754c\u6e38\u795e","duoname":"Bard","filter":"\u8f85\u52a9","publish":"124","free":"0","money":"6300","point":"4500","base_blood":"60","base_magic":"50","base_physical":"50","base_difficulty":"80","moving_speed":"330","range":"500","attack":"52(+3.0\/\u6bcf\u7ea7)","attack_speed":"0.62(+2.11%\/\u6bcf\u7ea7)","armor":"25(+4.0\/\u6bcf\u7ea7)","blood":"535(+93.0\/\u6bcf\u7ea7)","mana":"350(+50.0\/\u6bcf\u7ea7)","magic_resistance":"30(+0.0\/\u6bcf\u7ea7)","blood_recovery":"5.40(+0.55\/\u6bcf\u7ea7)\/5\u79d2","magic_recovery":"6.0(+0.54\/\u6bcf\u7ea7)\/5\u79d2","usetip":"\u5df4\u5fb7\u4e0d\u4ec5\u63d0\u4f9b\u4e86\u6e90\u6e90\u4e0d\u65ad\u7684\u7eaf\u7eed\u822a\u529b\uff0c\u4ed6\u5728\u7ebf\u4e0a\u8fd8\u80fd\u4f7f\u7528Q\u6280\u80fd\u6d88\u8017\u5bf9\u624b\u3002\u6280\u80fd\u4f24\u5bb3\u529b\u4e0d\u9519\uff0c\u51cf\u901f\u6548\u679c\uff08\u51fb\u4e2d\u7b2c\u4e8c\u76ee\u6807\u540e\u8fd8\u6709\u7729\u6655\uff09\u4e5f\u8ba9\u5df4\u5fb7\u62e5\u6709\u60ca\u4eba\u7684gank\u6f5c\u529b\uff0c\u5c24\u5176\u662f\u914d\u5408E\u6280\u80fd\u5947\u5e7b\u65c5\u7a0b\u65f6\u4f7f\u7528\u4f5c\u6218\u6548\u679c\u66f4\u597d\uff01\u5df4\u5fb7\u4e00\u65e6\u5347\u52306\u7ea7\uff0c\u4fbf\u80fd\u4f7f\u7528\u6027\u80fd\u5168\u9762\u7684\u5927\u62db\u626d\u8f6c\u6218\u573a\u5c40\u52bf\u3002","killtip":"\u5df4\u5fb7\u9700\u8981\u6ee1\u5730\u56fe\u53bb\u6361\u7f16\u949f\uff0c\u5728\u7f16\u949f\u5237\u65b0\u5730\u70b9\u57cb\u4f0f\u4ed6\u4e0d\u5931\u4e3a\u4e00\u4e2a\u597d\u65b9\u6cd5\u3002\u540c\u65f6\u5df4\u5fb7\u4f24\u5bb3\u4e0d\u8db3\uff0c\u5bf9\u7ebf\u9762\u5bf9\u5f3a\u52bf\u5bf9\u624b\u4f1a\u6bd4\u8f83\u96be\u6253\u3002","bg":"\u6d41\u6d6a\u5b88\u62a4\u795e\u7075\u5df4\u5fb7\u5c45\u4f4f\u5728\u7269\u8d28\u4e16\u754c\u4ee5\u5916\u4eba\u7c7b\u672a\u77e5\u7684\u56fd\u5ea6\u3002\u5f53\u6709\u4eba\u4f01\u56fe\u5a01\u80c1\u5230\u5b87\u5b99\u5e73\u8861\u65f6\uff0c\u8fdc\u53e4\u5b88\u671b\u8005\u5c06\u4f1a\u8fc5\u901f\u73b0\u8eab\uff0c\u5e2e\u52a9\u7b26\u6587\u5927\u9646\u9003\u8fc7\u52ab\u96be\u540e\uff0c\u56de\u5f52\u795e\u4f4d\uff0c\u7ee7\u7eed\u5b88\u62a4\u7740\u751f\u6d3b\u5728\u7b26\u6587\u5927\u9646\u7684\u4eba\u4eec\u3002","keyword":"\u8001\u5934 \u91d1\u8eab \u4f20\u9001 \u7f16\u949f","modified":"0000-00-00 00:00:00","blood_base":"535","blood_inc":"93","mana_base":"350","mana_inc":"50.0","attack_base":"52","attack_inc":"3.0","attack_speed_base":"0.62","attack_speed_inc":"0.0211","armor_base":"25","armor_inc":"4.0","blood_recovery_base":"1.08","blood_recovery_inc":"0.55","magic_recovery_base":"6.0","magic_recovery_inc":"0.54","magic_resistance_base":"30","magic_resistance_inc":"0.0","area":"\u672a\u77e5\u7a7a\u95f4","nickpinyin":"liulangshouhuzhe","pic_url":"http:\/\/pic.woqugame.com\/lol\/roles\/Bard.jpg"}