{"id":"68","name":"\u63d0\u83ab","nickname":"\u8fc5\u6377\u65a5\u5019","duoname":"Teemo","filter":"\u7537\u6027 \u5c04\u624b","publish":"17","free":"0","money":"6300","point":"3500","base_blood":"30","base_magic":"70","base_physical":"50","base_difficulty":"40","moving_speed":"330.0","range":"500.0","attack":"47.5(+3.0\/\u6bcf\u7ea7)","attack_speed":"0.69(+3.3%\/\u6bcf\u7ea7)","armor":"21.75(+3.75\/\u6bcf\u7ea7)","blood":"460(+82.0\/\u6bcf\u7ea7)","mana":"240(+40.0\/\u6bcf\u7ea7)","magic_resistance":"30(+0.0\/\u6bcf\u7ea7)","blood_recovery":"5.3(+0.65\/\u6bcf\u7ea7)\/5\u79d2","magic_recovery":"6.9(+0.45\/\u6bcf\u7ea7)\/5\u79d2","usetip":"\u63d0\u83ab\u7684\u8611\u83c7\u53ef\u7528\u6765\u5feb\u901f\u5237\u94b1\r\uff0c\u5c3d\u91cf\u628a\u8611\u83c7\u653e\u7f6e\u5728\u5730\u56fe\u7684\u5173\u952e\u4f4d\u7f6e\uff0c\u6bd4\u5982\u9760\u8fd1\u7537\u7235\u6216\u8005\u5c0f\u9f99\u7684\u4f4d\u7f6e\uff0c\u8fd9\u6837\u53ef\u4ee5\u5728\u654c\u4eba\u8bd5\u56fe\u6740\u6b7b\u4ed6\u4eec\u7684\u65f6\u5019\u4fa6\u67e5\u5230\u654c\u4eba\u3002","killtip":"\u63d0\u83ab\u7684\u6bd2\u6db2\u5c04\u51fb\u5bf9\u53d7\u653b\u51fb\u7684\u76ee\u6807\u4f24\u5bb3\u5f88\u9ad8\uff0c\u8bb0\u5f97\u4fdd\u6301\u5b89\u5168\u8ddd\u79bb\r\n\u4f60\u7684\u7ea2\u3001\u9ec4\u8272\u9970\u54c1\u4ee5\u53ca\u771f\u773c\uff0c\u53ef\u4ee5\u5e2e\u52a9\u4f60\u5b89\u5168\u89e3\u51b3\u63d0\u83ab\u7684\u8611\u83c7","bg":"\u5c31\u50cf\u7ea6\u5fb7\u5c14\u4eba\u6240\u62c5\u5fc3\u7684\u90a3\u6837\uff0c\u63d0\u83ab\u8eab\u4e0a\u6709\u4e00\u4e9b\u4e0d\u5bf9\u52b2\u3002\u867d\u7136\u4ed6\u5f88\u4eab\u53d7\u4e8e-\u4e8b\u5b9e\u4e0a\u4e5f\u5f88\u9700\u8981\u81ea\u5df1\u4e0e\u751f\u4ff1\u6765\u7684\u548c\u90e8\u843d\u91cc\u6240\u6709\u7ea6\u5fb7\u5c14\u4eba\u7684\u534f\u4f5c\u80fd\u529b\uff0c\u4ed6\u8fd8\u662f\u72ec\u81ea\u5192\u9669\u53bb\u51fb\u57ae\u73ed\u5fb7\u5c14\u57ce\u7684\u654c\u4eba\u4eec\u3002\u63d0\u83ab\u81ea\u8eab\u7684\u4e00\u4e9b\u795e\u79d8\u7279\u8d28\u4f7f\u5f97\u88ab\u4ed6\u7ec8\u7ed3\u7684\u90a3\u4e9b\u654c\u4eba\u5e76\u4e0d\u4f1a\u5bf9\u4ed6\u81ea\u5df1\u9020\u6210\u4efb\u4f55\u8d1f\u62c5\u3002\u56e0\u6b64\uff0c\u7406\u6240\u5f53\u7136\u7684\uff0c\u63d0\u83ab\u88ab\u73ed\u5fb7\u5c14\u57ce\u7684\u4eba\u4eec\u62e5\u62a4\uff0c\u5c31\u50cf\u9e2d\u5b50\u8df3\u6c34\u4e00\u6837\u5f88\u81ea\u7136\u7684\u88ab\u5f53\u505a\u82f1\u96c4\u9001\u5230\u4e86\u82f1\u96c4\u8054\u76df\u3002\u4ed6\u4e00\u76f4\u90fd\u5728\u5bfb\u627e\u7ea6\u5fb7\u5c14\u4eba\u7684\u654c\u4eba\u5e76\u4e14\u4f7f\u7528\u81ea\u5df1\u5728Kumungu\u68ee\u6797\u53d1\u73b0\u7684\u795e\u79d8\u6bd2\u836f\u6765\u6d88\u706d\u4ed6\u4eec\u3002 \r\n\u5c3d\u7ba1\u5927\u5bb6\u90fd\u77e5\u9053\u4ed6\u7684\u8eab\u4efd\u662f\u8fc5\u6377\u65a5\u5019\uff0c\u4f46\u662f\u4e8b\u5b9e\u4e0a\uff0c\u5f88\u660e\u663e\u63d0\u83ab\u8fd8\u6709\u5176\u4ed6\u7684\u8eab\u4efd-\u73ed\u5fb7\u5c14\u57ce\u7684\u523a\u5ba2","keyword":"\u8611\u83c7 \u63d0\u767e\u4e07 \u5632\u8bbd\u8138 \u8fc5\u6377\u65a5\u5019 \u63d0\u83ab \u7269\u7406 \u8fdc\u7a0b \u7537\u6027 \u5c04\u624b","modified":null,"blood_base":"460","blood_inc":"82.0","mana_base":"240","mana_inc":"40.0","attack_base":"47.5","attack_inc":"3.0","attack_speed_base":"0.69","attack_speed_inc":"0.033","armor_base":"21.75","armor_inc":"3.75","blood_recovery_base":"5.3","blood_recovery_inc":"0.65","magic_recovery_base":"6.9","magic_recovery_inc":"0.45","magic_resistance_base":"30","magic_resistance_inc":"0.0","area":"\u7ea6\u5fb7\u5c14\u4eba","nickpinyin":"xunjiechihou","pic_url":"http:\/\/pic.woqugame.com\/lol\/roles\/Teemo.jpg"}